ID,Title,Author,Dates.N
1,"Crypto Market Prediction: Is Shiba Inu (SHIB) Bottom Officially Reached? Bitcoin (BTC) Is Stronger Than You Think, Is XRP Bound to $1 Now?",Arman Shirinyan,2025-10-13 00:01:00
2,BTC and ETH Rally as $257 Million Worth of Shorts Get Liquidated,Alex Dovbnya,2025-10-12 18:55:00
3,Bitcoin (BTC) Price Analysis for October 12,Denys Serhiichuk,2025-10-12 14:44:00
4,"Bitcoin (BTC) Price Could Plunge to $75,000, Schiff Predicts",Alex Dovbnya,2025-10-12 10:19:00
5,Bitcoin (BTC) Price Analysis for October 11,Denys Serhiichuk,2025-10-11 15:03:00
6,BTC vs. ETH: Why Ethereum Price Lags Behind Bitcoin,Dan Burgin,2025-10-11 06:50:00
7,"Morning Crypto Report: 'Bitcoin Jesus' Free? XRP Bulls Crushed in 3,192% Liquidation Imbalance Bloodbath, Whale Bets $600 Million Against BTC",Gamza Khanzadaev,2025-10-10 11:47:00
8,"Crypto Market Prediction: XRP to Enter Freefall, Critical Support Lost? Bitcoin (BTC) Hits $120,000 Top, Shiba Inu (SHIB) Bullish Reversal Starts Here",Arman Shirinyan,2025-10-10 00:01:00
9,"Peter Brandt Sounds Alarm on Bitcoin (BTC), New XRP ETF with 3x Leverage Proposed, Cardano Founder Predicts Shift in Altcoin Season — Crypto News Digest",Dan Burgin,2025-10-09 18:03:00
10,Bitcoin (BTC) Price Analysis for October 9,Denys Serhiichuk,2025-10-09 15:44:00
11,"Bitcoin (BTC) Price to $112,000? Upside Rally Still Intact",Godfrey Benjamin,2025-10-09 15:42:00
12,"XRP Drops Out of Top 3, Dogecoin Creator Breaks Silence on Bitcoin (BTC) Price, Shiba Inu (SHIB) Sees 70% Spike in 48 Hours — Crypto News Digest",Dan Burgin,2025-10-08 16:31:00
13,"Can Bitcoin (BTC) Hit $150,000? 3 Key Factors",Arman Shirinyan,2025-10-08 13:26:00
14,"Crypto Market Prediction: Bitcoin (BTC) Troubled at $123,000, Shiba Inu (SHIB) Hits Key Moment After Four Months, Ethereum (ETH) to Hit $5,000 After These Three",Arman Shirinyan,2025-10-08 00:01:00
15,Bitcoin (BTC) Price Analysis for October 7,Denys Serhiichuk,2025-10-07 14:12:00
16,"Morning Crypto Report: $610 Million XRP Surprise by Ripple, Bitcoin (BTC) Smashes $126,000 Record, Shiba Inu (SHIB) Faces Survival Questions",Gamza Khanzadaev,2025-10-07 10:17:00
17,"Crypto Market Prediction: XRP Delivers Legendary Price Pattern, Ethereum (ETH) Consolidates for $4,500, No $150,000 Bitcoin (BTC)?",Arman Shirinyan,2025-10-07 00:01:00
18,Bitcoin (BTC) Price Analysis for October 6,Denys Serhiichuk,2025-10-06 15:47:00
19,"Crypto Market Prediction: Bitcoin (BTC) ATH Is Nothing, XRP Begins $5 Run, Shiba Inu (SHIB) No Choice at $0.000013",Arman Shirinyan,2025-10-06 00:01:00
20,Bitcoin (BTC) Price Prediction for October 5,Denys Serhiichuk,2025-10-05 15:41:00
21,"‘Good Chance’ BTC Tops Several Weeks from Now, Analysts Claim",Alex Dovbnya,2025-10-05 15:04:00
22,"BREAKING: Bitcoin (BTC) Finally Hits New ATH; Is $135,000 Likely?",Alex Dovbnya,2025-10-05 05:36:00
23,Bitcoin (BTC) Price Prediction for October 4,Denys Serhiichuk,2025-10-04 16:32:00
24,"Dogecoin (DOGE) Confirms First Golden Cross, Shiba Inu (SHIB) Downtrend Ending, Bitcoin (BTC) Price Hits $120,000, Eyes New ATH — Crypto News Digest",Dan Burgin,2025-10-03 22:57:00
25,"Bitcoin (BTC) to Hit $200,000 by End of 2025, Standard Chartered Predicts",Alex Dovbnya,2025-10-03 16:34:00
26,Bitcoin (BTC) Price Prediction for October 3,Denys Serhiichuk,2025-10-03 14:03:00
27,"Bitcoin (BTC) Can Even Hit $200,000, According to Popular Indicator",Arman Shirinyan,2025-10-03 13:09:00
28,"Crypto Market Prediction: XRP Ready for $3, Bitcoin (BTC) Can't Handle It, Is Shiba Inu (SHIB) Ready for $0.00002?",Arman Shirinyan,2025-10-03 00:01:00
29,"$3,700,000,000 BTC Profit-Taking Shakes Crypto Market, What's Next?",Tomiwabold Olajide,2025-10-02 18:48:00
30,"Bitcoin's (BTC) Profit-Taking Stage Comes, USDT/USDC Duopoly Might End Soon, Tether's Cap to $1 Trillion: Crypto News Recap",Vladislav Sopov,2025-10-02 15:30:00
31,"BREAKING: CME Group to Offer 24/7 Trading for XRP, SOL, BTC, and Other Crypto Futures",Alex Dovbnya,2025-10-02 14:16:00
32,"Crypto Market Prediction: Bitcoin (BTC) to Rocket to $130,000? Shiba Inu (SHIB) Hits $0.000012 Breakout, XRP Breaks 5 Resistances in 1 Move",Arman Shirinyan,2025-10-02 00:01:00
33,"Ripple CTO Resigns, XRP Bear Destroyed After Massive Short, Bitcoin (BTC) Price to $150,000 — Crypto News Digest",Dan Burgin,2025-10-01 16:26:00
34,Bitcoin (BTC) Price Analysis for October 1,Denys Serhiichuk,2025-10-01 15:17:00
35,"$125 Billion Satoshi BTC Wallet Attracts Speculation Amid XRP, Market Developments",Tomiwabold Olajide,2025-10-01 11:10:00
36,"Crypto Market Prediction: XRP Should Not Celebrate Too Early, Did Ethereum (ETH) Secure $4,200? This Is Bitcoin's (BTC) $113,000 Chance",Arman Shirinyan,2025-10-01 00:01:00
37,Bitcoin (BTC) Price Analysis for September 29,Denys Serhiichuk,2025-09-29 14:03:00
38,"Crypto Market Prediction:  Shiba Inu (SHIB) in Free Fall to Add Zero, Ethereum (ETH) Secures $4,000, Bitcoin (BTC): $110,000 Comeback Attempt",Arman Shirinyan,2025-09-29 00:01:00
39,Bitcoin (BTC) Price Prediction for September 28,Denys Serhiichuk,2025-09-28 13:24:00
40,First Bitcoiner in Space Says BTC Will Survive Quantum Computing,Alex Dovbnya,2025-09-28 10:31:00
41,"$200,000 BTC: Mike Novogratz Predicts Bitcoin Price Surge",Dan Burgin,2025-09-27 11:24:00
42,Bitcoin (BTC) Price Prediction for September 27,Denys Serhiichuk,2025-09-27 10:31:00
43,"Crypto Market Prediction: Ethereum (ETH) Can Start $5,000 Path Here, XRP Welcomes $2.60, Bitcoin's (BTC) Bullish $108,000 Reversal",Arman Shirinyan,2025-09-27 00:01:00
44,Bitcoin (BTC) Price Prediction for September 26,Denys Serhiichuk,2025-09-26 16:31:00
45,"Crypto Market Prediction: Shiba Inu (SHIB) $0.00001 Bottom, Ethereum (ETH) Loses $4,000, Bitcoin (BTC): Head and Shoulders to $123,000?",Arman Shirinyan,2025-09-26 00:01:00
46,Bitcoin (BTC) Price Prediction for September 25,Denys Serhiichuk,2025-09-25 15:28:00
47,"Crypto Market Prediction: Bitcoin (BTC) Fights for $113,000, XRP $2.96 Last Chance, Shiba Inu (SHIB) Still Holds $0.0000122 Hope",Arman Shirinyan,2025-09-25 00:01:00
48,Bitcoin (BTC) Price Prediction for September 24,Denys Serhiichuk,2025-09-24 15:39:00
49,"Chinese Tesla Competitor Buying $1 Billion Worth of BTC, ETH, and BNB",Alex Dovbnya,2025-09-24 14:07:00
50,Bitcoin (BTC) Price Prediction for September 23,Denys Serhiichuk,2025-09-23 13:45:00
51,Global Blockchain Show 2025 to Spotlight Web3 Innovation in Abu Dhabi,,
52,Tapbit Delivers a Strong Presence at TOKEN2049 Singapore,,
53,Global AI Show Announces Milestone Edition: AI:2031 – Accelerating Intelligent Futures,,
54,How High Will Bitcoin (BTC) Price Go In 2025?,Dan Burgin,2025-07-28 02:20:00
55,"Bitget Wallet, The All-in-One Crypto Wallet for Everyday Mobile Users: Big Review",Vladislav Sopov,2025-07-15 11:00:00
56,From Exchange to Ecosystem: HTX Redefines What CEX Means in the New Crypto Cycle,U.Today Editorial Team,2025-07-14 04:30:00
57,Silent Data Ethereum L2 Launched by Applied Blockchain: Details,Vladislav Sopov,2025-07-11 10:02:00
58,Redefining Role of CEXes and Building Trust Gateway in Web3 Era: Big Interview with Coinstore CEO Johnson Zhao,U.Today Editorial Team,2025-07-07 12:18:00
59,"XRP ETF Will Not Happen, Until This",Alex Dovbnya,2025-10-13 09:36:00
60,"Ethereum (ETH) to $5,000 'Soon,' Says Top Analyst",Alex Dovbnya,2025-10-13 08:44:00
61,Binance's CZ Explains Why BNB Is Outperforming Market,Alex Dovbnya,2025-10-13 06:05:00
